{
  "Sample": {
    "Title": "Calling Microsoft Graph from a Windows Desktop App (WPF)",
    "Level": 200,
    "Client": ".NET Framework 4.5, WPF, MSAL"
  },
  "AppRegistrations": [
    {
      "x-ms-id": "active-directory-dotnet-desktop-msgraph-v2",
      "x-ms-name": "active-directory-dotnet-desktop-msgraph-v2",
      "x-ms-version": "2.0",
      "replyUrlsWithType": [
        {
          "url": "https://login.microsoftonline.com/common/oauth2/nativeclient",
          "type": "InstalledClient"
        },
        {
          "url": "ms-appx-web://microsoft.aad.brokerplugin/{AppId}",
          "type": "InstalledClient"
        }        
      ],
      "requiredResourceAccess": [
        {
          "x-ms-resourceAppName": "Microsoft Graph",
          "resourceAppId": "00000003-0000-0000-c000-000000000000",
          "resourceAccess": [
            {
              "id": "e1fe6dd8-ba31-4d61-89e7-88639da4683d",
              "type": "Scope",
              "x-ms-name": "user.read"
            }
          ]
        }
      ],
      "codeConfigurations": [
        {
          "settingFile": "/active-directory-wpf-msgraph-v2/App.xaml.cs",
          "replaceTokens": {
            "appId": "4a1aa1d5-c567-49d0-ad0b-cd957a47f842",
            "tenantId": "common",
            "authorityEndpointHost": "https://login.microsoftonline.com/"
          }
        },
        {
          "settingFile": "/active-directory-wpf-msgraph-v2/MainWindow.xaml.cs",
          "replaceTokens": {
            "msgraphEndpointHost": "https://graph.microsoft.com/"
          }
        }
      ]
    }
  ]
}
